"","Codi","Municipi","Usuaris_sexe_Dependencia_Dona","Usuaris_sexe_Dependencia_Home","Hores_SAD_Dependencia_Dona","Hores_SAD_Dependencia_Home","Total_Hores_SAD_Dependencia","Total_Usuaris_SAD_Dependencia","Usuaris_sexe_Social_Dona","Usuaris_sexe_Social_Home","Hores_SAD_Social_Dona","Hores_SAD_Social_Home","Total_Hores_SAD_Social","Total_Usuaris_SAD_Social","Any","Total_Hores_SADSOCDEP","Total_Usuaris_SADSOCDEP","Total_Usuaris_SADSOCDEP_Dones","Total_Usuaris_SADSOCDEP_Homes","Total_Hores_SADSOCDEP_Dones","Total_Hores_SADSOCDEP_Homes","Homes","Dones","De 0 a 30","De 31 a 50","De 51 a 70","De 71 a 100","Total_POB_MUNI","Perc_SAD_POB_MUNI","Perc_SAD_Dones","Perc_SAD_Homes_Muni","Perc_SAD_USUARIS_0_a_30_A","Perc_SAD_USUARIS_31_a_50_A","Perc_SAD_USUARIS_51_a_70_A","Perc_SAD_USUARIS_71_a_100_A","Altitud (m)","Superficie (km2)","Perc_pob","Densit_pob","Perc_Densit_pob","Densit.pob.De_71_a_100","perc.Densit.pob.De_71_a_100","RFDB milers d'euros","RFDB per habitant. Milers d'euros","RFDB per habitant. Índex Catalunya = 100","Perc_VO_RFD_me","Perc_VO_RFD_me_CUTTED","VO_RFD_Dico"
"1","080333","Caldes de Montbui",20,9,2294,1288.5,3582.5,29,44,14,3533,927,4460,58,2018,8042.5,87,64,23,5827,2215.5,8669,8780,5604,5494,4266,2085,17449,0.498595908074961,0.728929384965831,0.265313184911755,1.5524625267666,1.58354568620313,2.0393811533052,4.1726618705036,203,37.45,4.29472616782635,465.927903871829,1.36355011137389,55.6742323097463,100,309933,178,1007,100,NA,"RFD VO me Per sobre la mitjana"
"2","080399","Campins",2,0,88,0,88,2,1,0,166,0,166,1,2018,254,3,3,0,254,0,272,243,169,162,141,43,515,0.58252427184466,1.23456790123457,0,1.77514792899408,1.85185185185185,2.12765957446809,6.97674418604651,321,7.29,0.12675706209127,70.6447187928669,0.206743604273354,5.89849108367627,100,NA,NA,NA,NA,NA,NA
"3","080462","Cardedeu",20,13,2910.91,1754.76,4665.67,33,34,10,2678.58,530.12,3208.7,44,2018,7874.37,77,54,23,5589.49,2284.88,8892,9273,6260,5991,4042,1872,18165,0.423892100192678,0.58233581365254,0.258659469185785,1.23003194888179,1.28526122517109,1.90499752597724,4.11324786324786,193,12.1,4.47095540366586,1501.23966942149,4.39341688151324,154.710743801653,100,322372,177,1004,100,NA,"RFD VO me Per sobre la mitjana"
"4","081081","Lliçà de Vall",6,3,383.18,387.6,770.78,9,40,15,843.9,742,1585.9,55,2018,2356.68,64,46,18,1227.08,1129.6,3299,3181,2066,1917,1782,715,6480,0.987654320987654,1.44608613643508,0.54561988481358,3.09777347531462,3.33854981742306,3.59147025813693,8.95104895104895,125,10.83,1.59492381039113,598.337950138504,1.75105155061719,66.0203139427516,100,125748,194,1098,100,NA,"RFD VO me Per sobre la mitjana"
"5","081069","Llinars del Vallès",18,6,2576.75,873.75,3450.5,24,31,14,2041.5,1203,3244.5,45,2018,6695,69,49,20,4618.25,2076.75,4907,4931,3133,3075,2476,1154,9838,0.701362065460459,0.993713242749949,0.407581006725087,2.2023619533993,2.24390243902439,2.78675282714055,5.97920277296361,198,27.63,2.42142908126974,356.062251176258,1.04202542542071,41.7661961635903,100,166837,169,959,100,NA,"RFD VO me Per sobre la mitjana"
"6","082021","Sant Celoni",37,26,5280.5,3676,8956.5,63,78,22,4560.5,1460.25,6020.75,100,2018,14977.25,163,115,48,9841,5136.25,8833,8921,5946,5670,4059,2079,17754,0.918102962712628,1.28909315099204,0.543416732706895,2.74133871510259,2.87477954144621,4.01576743040158,7.84030784030784,152,65.23,4.3697958842105,272.175379426644,0.796528316605231,31.8718381112985,100,285623,161,911,100,NA,"RFD VO me Per sobre la mitjana"
"7","082074","Sant Esteve de Palautordera",3,1,184.5,251.5,436,4,3,4,170.5,158,328.5,7,2018,764.5,11,6,5,355,409.5,1359,1390,989,903,623,234,2749,0.400145507457257,0.431654676258993,0.367917586460633,1.11223458038423,1.21816168327796,1.76565008025682,4.7008547008547,231,10.64,0.676611968327964,258.364661654135,0.756110892363479,21.9924812030075,100,51207,184,1046,100,NA,"RFD VO me Per sobre la mitjana"
"8","082107","Sant Feliu de Codines",12,9,1464,997,2461,21,25,12,1007,462,1469,37,2018,3930,58,37,21,2471,1459,3132,3052,2071,2107,1317,689,6184,0.937904269081501,1.21231979030144,0.670498084291188,2.80057943022694,2.75272899857617,4.4039483675019,8.41799709724238,480,15,1.52206926596585,412.266666666667,1.20650910704785,45.9333333333333,100,100476,162,918,100,NA,"RFD VO me Per sobre la mitjana"
"9","082482","Santa Eulàlia de Ronçana",14,7,632.75,427.75,1060.5,21,15,8,758.9,142,900.9,23,2018,1961.4,44,29,15,1391.65,569.75,3601,3591,2324,2319,1712,837,7192,0.611790878754171,0.807574491785018,0.416550958067203,1.89328743545611,1.89736955584304,2.57009345794392,5.25686977299881,236,14.23,1.77016852536003,505.411103302881,1.47909871993377,58.8193956430077,100,135852,188,1067,100,NA,"RFD VO me Per sobre la mitjana"
"10","082592","Santa Maria de Palautordera",18,10,2291.17,1330.75,3621.92,28,45,11,3130.5,723.25,3853.75,56,2018,7475.67,84,63,21,5421.67,2054,4673,4652,3047,2932,2358,988,9325,0.900804289544236,1.3542562338779,0.449390113417505,2.75680997702658,2.86493860845839,3.56234096692112,8.50202429149797,208,16.94,2.29516427961377,550.472255017709,1.61097135071806,58.323494687131,100,156600,167,950,100,NA,"RFD VO me Per sobre la mitjana"
"11","082943","Vallgorguina",3,4,546.66,351.33,897.99,7,4,1,685,20,705,5,2018,1602.99,12,7,5,1231.66,371.33,1427,1427,954,1102,601,197,2854,0.420462508759636,0.490539593552908,0.350385423966363,1.25786163522013,1.08892921960073,1.99667221297837,6.09137055837564,222,22.13,0.702455641181523,128.965205603254,0.377420023575251,8.90194306371441,100,50117,175,992,100,NA,"RFD VO me Per sobre la mitjana"
"12","080410","Canovelles",37,12,3741.5,620.5,4362,49,73,27,2765.5,1008.5,3774,100,2018,8136,149,110,39,6507,1629,8458,7859,5847,5207,3730,1533,16317,0.913158056015199,1.39966916910548,0.461101915346418,2.54831537540619,2.8615325523334,3.99463806970509,9.71950424005218,175,6.66,4.01610676144321,2450,7.16998862936747,230.18018018018,100,230427,140,795,100,NA,"RFD VO me Per sobre la mitjana"
"13","080885","La Garriga",2,1,198,87,285,3,63,10,2578,321,2899,73,2018,3184,76,65,11,2776,408,7861,8366,5474,5073,3880,1800,16227,0.468355210451716,0.776954338991155,0.139931306449561,1.38838143953233,1.49812734082397,1.95876288659794,4.22222222222222,252,18.8,3.99395504185444,863.13829787234,2.52599664543521,95.7446808510638,100,301629,185,1048,100,NA,"RFD VO me Per sobre la mitjana"
"14","081350","Montmeló",34,16,5342.18,1692.26,7034.44,50,22,5,1484,282,1766,27,2018,8800.44,77,56,21,6826.18,1974.26,4298,4486,2822,2680,2251,1031,8784,0.876593806921676,1.24832813196612,0.488599348534202,2.72856130403969,2.87313432835821,3.42070191026211,7.46847720659554,72,4,2.16200783186353,2196,6.42665103269019,257.75,100,144506,165,937,100,NA,"RFD VO me Per sobre la mitjana"
"15","081075","Lliçà d'Amunt",17,9,1192.9,514.12,1707.02,26,35,21,1883.52,1118.24,3001.76,56,2018,4708.78,82,52,30,3076.42,1632.36,7738,7373,4950,4916,3650,1595,15111,0.542651048904771,0.70527600705276,0.387697079348669,1.65656565656566,1.6680227827502,2.24657534246575,5.141065830721,145,22.33,3.71927371895375,676.712942230184,1.98041800046376,71.4285714285714,100,273336,180,1024,100,NA,"RFD VO me Per sobre la mitjana"
"16","081363","Montornès del Vallès",16,5,1304.75,413,1717.75,21,47,34,2087.75,1399.75,3487.5,81,2018,5205.25,102,63,39,3392.5,1812.75,8167,8096,5565,5546,3559,1593,16263,0.627190555248109,0.778162055335968,0.477531529325334,1.83288409703504,1.83916336098089,2.86597358808654,6.4030131826742,116,10.23,4.00281572968995,1589.73607038123,4.65240389727704,155.718475073314,100,261770,161,912,100,NA,"RFD VO me Per sobre la mitjana"
"17","080057","L'Ametlla del Vallès",9,10,1227,2040.5,3267.5,19,34,17,1926.5,960,2886.5,51,2018,6154,70,43,27,3153.5,3000.5,4285,4211,2917,2633,2212,734,8496,0.823917137476459,1.02113512229874,0.630105017502917,2.39972574562907,2.65856437523737,3.16455696202532,9.53678474114441,281,14.24,2.09112232917948,596.629213483146,1.74605088841739,51.5449438202247,100,196146,232,1315,100,NA,"RFD VO me Per sobre la mitjana"
"18","080142","Aiguafreda",13,7,1505.87,1162.5,2668.37,20,21,5,1870.5,433.5,2304,26,2018,4972.37,46,34,12,3376.37,1596,1204,1297,715,722,670,394,2501,1.83926429428229,2.62143407864302,0.996677740863787,6.43356643356643,6.37119113573407,6.86567164179105,11.6751269035533,404,7.9,0.615571674350032,316.582278481013,0.926486259986982,49.873417721519,100,44810,180,1018,100,NA,"RFD VO me Per sobre la mitjana"
"19","080425","Cànoves i Samalús",15,6,1600,624.5,2224.5,21,20,3,1535.75,179.5,1715.25,23,2018,3939.75,44,35,9,3135.75,804,1521,1474,959,976,716,344,2995,1.46911519198664,2.37449118046133,0.591715976331361,4.5881126173097,4.50819672131148,6.14525139664804,12.7906976744186,346,29.19,0.73716000187059,102.60363138061,0.300272191971748,11.7848578280233,100,53216,175,990,100,NA,"RFD VO me Per sobre la mitjana"
"20","081347","Figaró-Montmany",6,1,780,110,890,7,10,2,725.5,88,813.5,12,2018,1703.5,19,16,3,1505.5,198,551,558,348,335,267,159,1109,1.71325518485122,2.8673835125448,0.544464609800363,5.45977011494253,5.67164179104478,7.11610486891386,11.9496855345912,330,14.99,0.272958411377123,73.9826551034023,0.216512161576249,10.6070713809206,100,16752,151,857,100,NA,"RFD VO me Per sobre la mitjana"
"21","081056","La Llagosta",24,8,2906.5,875,3781.5,32,24,8,2460,748.25,3208.25,32,2018,6989.75,64,48,16,5366.5,1623.25,6595,6772,4347,4288,3074,1658,13367,0.478791052592205,0.708800945067927,0.242608036391205,1.4722797331493,1.49253731343284,2.08197787898504,3.86007237635706,45,3.03,3.290022619367,4411.55115511551,12.9105190285923,547.194719471947,100,203366,152,861,100,NA,"RFD VO me Per sobre la mitjana"
"22","080863","Les Franqueses del Vallès",15,8,2457.5,982,3439.5,23,32,13,5046,1594.5,6640.5,45,2018,10080,68,47,21,7503.5,2576.5,10003,9765,6947,7085,4096,1640,19768,0.343990287333064,0.481310803891449,0.209937018894332,0.978839786958399,0.959774170783345,1.66015625,4.14634146341463,181,29.14,4.86550214256354,678.380233356211,1.98529737124559,56.2800274536719,100,323355,163,922,100,NA,"RFD VO me Per sobre la mitjana"
"23","081154","Martorelles",11,3,1053.5,246,1299.5,14,11,3,843.25,367.75,1211,14,2018,2510.5,28,22,6,1896.75,613.75,2410,2384,1451,1425,1286,632,4794,0.584063412599082,0.922818791946309,0.24896265560166,1.92970365265334,1.96491228070175,2.17729393468118,4.43037974683544,96,3.61,1.17994826342825,1327.97783933518,3.88636163595315,175.069252077562,100,87759,183,1040,100,NA,"RFD VO me Per sobre la mitjana"
"24","081982","Sant Antoni de Vilamajor",17,4,2143,599.5,2742.5,21,62,8,4504,882,5386,70,2018,8128.5,91,79,12,6647,1481.5,3032,3063,2041,1914,1522,618,6095,1.49302707136998,2.57917074763304,0.395778364116095,4.45859872611465,4.75444096133751,5.97897503285151,14.7249190938511,258,13.7,1.50016367659474,444.890510948905,1.30198363461924,45.1094890510949,100,115914,190,1078,100,NA,"RFD VO me Per sobre la mitjana"
"25","082093","Sant Fost de Campsentelles",18,7,1746.5,641.25,2387.75,25,12,9,1831.25,927,2758.25,21,2018,5146,46,30,16,3577.75,1568.25,4330,4392,2634,2571,2357,1160,8722,0.527401972024765,0.683060109289617,0.369515011547344,1.7463933181473,1.78918708673668,1.95163343232923,3.96551724137931,112,13.15,2.14674775836904,663.269961977186,1.94107676962344,88.212927756654,100,165089,190,1075,100,NA,"RFD VO me Per sobre la mitjana"
"26","082346","Sant Pere de Vilamajor",17,7,2006.5,539,2545.5,24,18,9,1094,542,1636,27,2018,4181.5,51,35,16,3100.5,1081,2168,2203,1408,1432,1100,431,4371,1.16678105696637,1.58874262369496,0.738007380073801,3.62215909090909,3.56145251396648,4.63636363636364,11.8329466357309,305,34.72,1.07583518136105,125.892857142857,0.368428716013416,12.4135944700461,100,80002,181,1029,100,NA,"RFD VO me Per sobre la mitjana"
"27","082567","Santa Maria de Martorelles",1,0,126,0,126,1,1,0,240,0,240,1,2018,366,2,2,0,366,0,439,443,284,293,211,94,882,0.226757369614512,0.451467268623025,0,0.704225352112676,0.68259385665529,0.947867298578199,2.12765957446809,181,4.51,0.217086851969903,195.565410199557,0.572327252011594,20.8425720620843,100,NA,NA,NA,NA,NA,NA
"28","082969","Vallromanes",9,5,836,735,1571,14,10,1,789,98,887,11,2018,2458,25,19,6,1625,833,1297,1233,919,790,624,197,2530,0.988142292490119,1.54095701540957,0.46260601387818,2.72034820457018,3.16455696202532,4.00641025641026,12.6903553299492,153,10.65,0.622709450661967,237.558685446009,0.695221662634845,18.4976525821596,100,58625,230,1305,100,NA,"RFD VO me Per sobre la mitjana"
"29","089024","Vilanova del Vallès",15,6,2303.25,897.25,3200.5,21,7,2,563,153.25,716.25,9,2018,3916.75,30,22,8,2866.25,1050.5,2701,2638,1912,1918,1119,390,5339,0.561902978085784,0.833965125094769,0.296186597556461,1.56903765690377,1.56412930135558,2.68096514745308,7.69230769230769,91,15.2,1.31408923204911,351.25,1.0279422473736,25.6578947368421,100,110983,207,1172,100,NA,"RFD VO me Per sobre la mitjana"
"30","080235","Bigues i Riells del Fai",7,2,366,106,472,9,60,21,1670.7,403.3,2074,81,2018,2546,90,67,23,2036.7,509.3,4587,4416,2994,2952,2227,830,9003,0.999666777740753,1.51721014492754,0.501417048179638,3.0060120240481,3.04878048780488,4.04131118096093,10.8433734939759,307,28.64,2.21591034952952,314.350558659218,0.919955073968124,28.9804469273743,100,168859,187,1061,100,NA,"RFD VO me Per sobre la mitjana"
"31","081593","Parets del Vallès",11,3,3061.9,706,3767.9,14,93,58,2632,3531,6163,151,2018,9930.9,165,104,61,5693.9,4237,9551,9490,6385,6454,4338,1864,19041,0.866551126516464,1.0958904109589,0.638676578368757,2.58418167580266,2.55655407499225,3.80359612724758,8.8519313304721,98,9.12,4.68656547432985,2087.82894736842,6.11008563783503,204.385964912281,100,331304,174,988,100,NA,"RFD VO me Per sobre la mitjana"
"32","081810","La Roca del Vallès",17,6,3063,404,3467,23,38,8,2898,438,3336,46,2018,6803,69,55,14,5961,842,5314,5352,3606,3536,2494,1030,10666,0.646915432214513,1.02765321375187,0.263455024463681,1.9134775374376,1.95135746606335,2.76663993584603,6.69902912621359,123,36.9,2.62522490148638,289.051490514905,0.845916693997383,27.9132791327913,100,201928,190,1077,100,NA,"RFD VO me Per sobre la mitjana"
"33","080977","Gualba",2,2,282,158,440,4,5,1,271.33,12,283.33,6,2018,723.33,10,7,3,553.33,170,750,731,491,546,317,127,1481,0.675219446320054,0.957592339261286,0.4,2.03665987780041,1.83150183150183,3.15457413249211,7.8740157480315,177,23.29,0.364518852344021,63.5895234006011,0.186096391726207,5.45298411335337,100,25612,172,977,100,NA,"RFD VO me Per sobre la mitjana"
"34","080961","Granollers",101,44,1949706,744992,2694698,145,84,40,992164,366153,1358317,124,2018,4053015,269,185,84,2941870,1111145,30023,30958,19958,19001,14917,7105,60981,0.441121004903167,0.597583823244396,0.279785497785031,1.34783044393226,1.4157149623704,1.80331165784005,3.78606615059817,145,14.87,15.0092668026946,4100.9414929388,12.0015117853357,477.807666442502,100,1065003,175,991,100,NA,"RFD VO me Per sobre la mitjana"
"35","081249","Mollet del Vallès",141,56,30178,97365,127543,197,128,57,13191,3855,17046,185,2018,144589,382,269,113,43369,101220,25152,25981,16710,16850,11982,5591,51133,0.747071362916316,1.0353720026173,0.44926844783715,2.28605625374028,2.26706231454006,3.18811550659322,6.83240922911823,65,10.77,12.5853764192484,4747.72516248839,13.8943409920015,519.127205199629,100,830235,162,921,100,NA,"RFD VO me Per sobre la mitjana"
